0,1,2,3
Singapore,Restaurants,Edit,Range
Singapore,"Meal, Inexpensive Restaurant",9.53 $,4.40-20.17
Singapore,"Meal for 2 People, Mid-range Restaurant, Three-course",73.34 $,44.00-128.34
Singapore,McMeal at McDonalds (or Equivalent Combo Meal),7.33 $,5.87-8.80
Singapore,Domestic Beer (0.5 liter draught),7.33 $,3.67-11.00
Singapore,Imported Beer (0.33 liter bottle),7.33 $,5.13-13.20
Singapore,Cappuccino (regular),4.50 $,2.41-5.87
Singapore,Coke/Pepsi (0.33 liter bottle),1.56 $,1.10-2.20
Singapore,Water (0.33 liter bottle),1.10 $,0.73-1.83
Singapore,Markets,Edit,
Singapore,"Milk (regular), (1 liter)",3.14 $,1.70-4.77
Singapore,Loaf of Fresh White Bread (500g),2.03 $,1.38-5.13
Singapore,"Rice (white), (1kg)",2.43 $,1.32-3.67
Singapore,Eggs (regular) (12),3.08 $,2.20-4.40
Singapore,Local Cheese (1kg),18.76 $,7.33-44.00
Singapore,Chicken Fillets (1kg),10.98 $,4.40-18.45
Singapore,Beef Round (1kg) (or Equivalent Back Leg Red Meat),20.26 $,8.80-30.80
Singapore,Apples (1kg),4.54 $,2.57-8.80
Singapore,Banana (1kg),3.10 $,2.16-6.47
Singapore,Oranges (1kg),4.05 $,2.20-8.80
Singapore,Tomato (1kg),3.03 $,1.14-5.87
Singapore,Potato (1kg),2.38 $,1.03-4.04
Singapore,Onion (1kg),2.33 $,1.25-4.04
Singapore,Lettuce (1 head),1.96 $,1.10-3.67
Singapore,Water (1.5 liter bottle),1.43 $,0.58-2.57
Singapore,Bottle of Wine (Mid-Range),22.00 $,16.06-36.67
Singapore,Domestic Beer (0.5 liter bottle),3.73 $,2.20-5.87
Singapore,Imported Beer (0.33 liter bottle),4.61 $,2.20-8.07
Singapore,Cigarettes 20 Pack (Marlboro),11.56 $,10.27-17.60
Singapore,Transportation,Edit,
Singapore,One-way Ticket (Local Transport),1.39 $,1.06-1.83
Singapore,Monthly Pass (Regular Price),93.87 $,66.00-102.67
Singapore,Taxi Start (Normal Tariff),3.01 $,2.64-4.40
Singapore,Taxi 1km (Normal Tariff),0.73 $,0.44-1.47
Singapore,Taxi 1hour Waiting (Normal Tariff),14.67 $,9.68-18.33
Singapore,Gasoline (1 liter),2.09 $,1.58-2.42
Singapore,Volkswagen Golf 1.4 90 KW Trendline (Or Equivalent New Car),"131,930.18 $","110,002.93-143,003.81"
Singapore,Toyota Corolla Sedan 1.6l 97kW Comfort (Or Equivalent New Car),"114,666.65 $","104,053.97-132,003.52"
Singapore,Utilities (Monthly),Edit,
Singapore,"Basic (Electricity, Heating, Cooling, Water, Garbage) for 85m2 Apartment",161.76 $,110.00-278.67
Singapore,Mobile Phone Monthly Plan with Calls and 10GB+ Data,15.86 $,8.65-36.67
Singapore,"Internet (60 Mbps or More, Unlimited Data, Cable/ADSL)",34.33 $,27.87-44.00
Singapore,Sports And Leisure,Edit,
Singapore,"Fitness Club, Monthly Fee for 1 Adult",101.46 $,58.67-178.03
Singapore,Tennis Court Rent (1 Hour on Weekend),12.82 $,7.33-18.33
Singapore,"Cinema, International Release, 1 Seat",11.00 $,8.80-14.67
Singapore,Childcare,Edit,
Singapore,"Preschool (or Kindergarten), Full Day, Private, Monthly for 1 Child","1,211.62 $","733.35-1,760.05"
Singapore,"International Primary School, Yearly for 1 Child","26,744.11 $","16,867.12-37,089.97"
Singapore,Clothing And Shoes,Edit,
Singapore,1 Pair of Jeans (Levis 501 Or Similar),71.50 $,29.33-109.27
Singapore,"1 Summer Dress in a Chain Store (Zara, H&M, ...)",45.02 $,22.00-73.34
Singapore,1 Pair of Nike Running Shoes (Mid-Range),98.87 $,62.33-146.67
Singapore,1 Pair of Men Leather Business Shoes,121.38 $,72.60-220.01
Singapore,Rent Per Month,Edit,
Singapore,Apartment (1 bedroom) in City Centre,"3,033.71 $","1,833.38-5,118.45"
Singapore,Apartment (1 bedroom) Outside of Centre,"2,170.40 $","1,466.71-3,080.08"
Singapore,Apartment (3 bedrooms) in City Centre,"6,323.85 $","4,033.44-10,120.27"
Singapore,Apartment (3 bedrooms) Outside of Centre,"3,982.10 $","2,566.74-5,866.82"
Singapore,Buy Apartment Price,Edit,
Singapore,Price per Square Meter to Buy Apartment in City Centre,"20,578.97 $","14,208.74-31,574.98"
Singapore,Price per Square Meter to Buy Apartment Outside of Centre,"12,106.89 $","7,893.74-16,133.76"
Singapore,Salaries And Financing,Edit,
Singapore,Average Monthly Net Salary (After Tax),"4,874.45 $",
Singapore,"Mortgage Interest Rate in Percentages (%), Yearly, for 20 Years Fixed-Rate",3.56,2.60-4.80
Malaysia,Restaurants,Edit,Range
Malaysia,"Meal, Inexpensive Restaurant",2.54 $,1.48-5.29
Malaysia,"Meal for 2 People, Mid-range Restaurant, Three-course",16.92 $,10.58-42.31
Malaysia,McMeal at McDonalds (or Equivalent Combo Meal),3.60 $,3.17-4.23
Malaysia,Domestic Beer (0.5 liter draught),3.17 $,2.09-5.50
Malaysia,Imported Beer (0.33 liter bottle),4.23 $,2.33-7.40
Malaysia,Cappuccino (regular),2.47 $,1.06-4.02
Malaysia,Coke/Pepsi (0.33 liter bottle),0.61 $,0.42-1.06
Malaysia,Water (0.33 liter bottle),0.35 $,0.21-0.63
Malaysia,Markets,Edit,
Malaysia,"Milk (regular), (1 liter)",1.50 $,1.06-1.90
Malaysia,Loaf of Fresh White Bread (500g),0.77 $,0.58-1.63
Malaysia,"Rice (white), (1kg)",1.08 $,0.53-2.12
Malaysia,Eggs (regular) (12),1.49 $,0.85-2.16
Malaysia,Local Cheese (1kg),11.82 $,4.23-27.50
Malaysia,Chicken Fillets (1kg),3.90 $,1.80-5.29
Malaysia,Beef Round (1kg) (or Equivalent Back Leg Red Meat),7.61 $,3.81-12.48
Malaysia,Apples (1kg),2.20 $,1.06-3.73
Malaysia,Banana (1kg),1.15 $,0.84-2.12
Malaysia,Oranges (1kg),2.42 $,1.06-5.29
Malaysia,Tomato (1kg),1.16 $,0.63-1.90
Malaysia,Potato (1kg),0.77 $,0.42-1.27
Malaysia,Onion (1kg),0.91 $,0.53-1.69
Malaysia,Lettuce (1 head),0.88 $,0.42-1.35
Malaysia,Water (1.5 liter bottle),0.52 $,0.32-0.74
Malaysia,Bottle of Wine (Mid-Range),14.81 $,7.40-21.15
Malaysia,Domestic Beer (0.5 liter bottle),2.33 $,1.27-3.38
Malaysia,Imported Beer (0.33 liter bottle),3.21 $,1.69-5.29
Malaysia,Cigarettes 20 Pack (Marlboro),3.81 $,3.68-5.29
Malaysia,Transportation,Edit,
Malaysia,One-way Ticket (Local Transport),0.63 $,0.42-1.06
Malaysia,Monthly Pass (Regular Price),16.92 $,10.58-31.73
Malaysia,Taxi Start (Normal Tariff),0.85 $,0.63-1.27
Malaysia,Taxi 1km (Normal Tariff),0.63 $,0.26-1.27
Malaysia,Taxi 1hour Waiting (Normal Tariff),4.23 $,3.17-6.35
Malaysia,Gasoline (1 liter),0.44 $,0.42-0.53
Malaysia,Volkswagen Golf 1.4 90 KW Trendline (Or Equivalent New Car),"33,844.53 $","27,498.68-37,017.45"
Malaysia,Toyota Corolla Sedan 1.6l 97kW Comfort (Or Equivalent New Car),"26,845.32 $","25,383.40-29,613.96"
Malaysia,Utilities (Monthly),Edit,
Malaysia,"Basic (Electricity, Heating, Cooling, Water, Garbage) for 85m2 Apartment",42.60 $,25.38-67.74
Malaysia,Mobile Phone Monthly Plan with Calls and 10GB+ Data,8.46 $,8.46-12.69
Malaysia,"Internet (60 Mbps or More, Unlimited Data, Cable/ADSL)",24.99 $,19.04-35.96
Malaysia,Sports And Leisure,Edit,
Malaysia,"Fitness Club, Monthly Fee for 1 Adult",32.54 $,16.92-52.88
Malaysia,Tennis Court Rent (1 Hour on Weekend),5.42 $,3.17-8.46
Malaysia,"Cinema, International Release, 1 Seat",3.81 $,2.86-5.29
Malaysia,Childcare,Edit,
Malaysia,"Preschool (or Kindergarten), Full Day, Private, Monthly for 1 Child",155.32 $,95.19-296.14
Malaysia,"International Primary School, Yearly for 1 Child","5,604.07 $","3,172.92-13,749.34"
Malaysia,Clothing And Shoes,Edit,
Malaysia,1 Pair of Jeans (Levis 501 Or Similar),49.02 $,21.15-74.03
Malaysia,"1 Summer Dress in a Chain Store (Zara, H&M, ...)",26.41 $,10.58-52.88
Malaysia,1 Pair of Nike Running Shoes (Mid-Range),62.74 $,31.73-95.19
Malaysia,1 Pair of Men Leather Business Shoes,57.34 $,31.73-105.76
Malaysia,Rent Per Month,Edit,
Malaysia,Apartment (1 bedroom) in City Centre,338.34 $,211.53-634.58
Malaysia,Apartment (1 bedroom) Outside of Centre,245.05 $,148.07-423.06
Malaysia,Apartment (3 bedrooms) in City Centre,626.96 $,"317.29-1,163.41"
Malaysia,Apartment (3 bedrooms) Outside of Centre,395.85 $,211.53-740.35
Malaysia,Buy Apartment Price,Edit,
Malaysia,Price per Square Meter to Buy Apartment in City Centre,"1,797.84 $","1,024.59-3,187.62"
Malaysia,Price per Square Meter to Buy Apartment Outside of Centre,"1,020.33 $","634.58-1,438.98"
Malaysia,Salaries And Financing,Edit,
Malaysia,Average Monthly Net Salary (After Tax),793.27 $,
Malaysia,"Mortgage Interest Rate in Percentages (%), Yearly, for 20 Years Fixed-Rate",3.92,3.00-5.00
Indonesia,Restaurants,Edit,Range
Indonesia,"Meal, Inexpensive Restaurant",1.60 $,0.96-3.20
Indonesia,"Meal for 2 People, Mid-range Restaurant, Three-course",15.98 $,9.59-42.18
Indonesia,McMeal at McDonalds (or Equivalent Combo Meal),3.20 $,2.88-3.83
Indonesia,Domestic Beer (0.5 liter draught),2.56 $,1.60-4.15
Indonesia,Imported Beer (0.33 liter bottle),3.51 $,2.30-6.33
Indonesia,Cappuccino (regular),1.79 $,0.83-3.20
Indonesia,Coke/Pepsi (0.33 liter bottle),0.55 $,0.32-1.14
Indonesia,Water (0.33 liter bottle),0.29 $,0.19-0.64
Indonesia,Markets,Edit,
Indonesia,"Milk (regular), (1 liter)",1.26 $,0.96-1.85
Indonesia,Loaf of Fresh White Bread (500g),1.10 $,0.77-2.11
Indonesia,"Rice (white), (1kg)",0.84 $,0.64-1.02
Indonesia,Eggs (regular) (12),1.56 $,1.02-2.30
Indonesia,Local Cheese (1kg),7.37 $,3.20-14.70
Indonesia,Chicken Fillets (1kg),3.28 $,1.66-5.11
Indonesia,Beef Round (1kg) (or Equivalent Back Leg Red Meat),8.11 $,4.79-11.36
Indonesia,Apples (1kg),2.59 $,1.28-3.96
Indonesia,Banana (1kg),1.33 $,0.64-2.24
Indonesia,Oranges (1kg),1.73 $,0.64-3.83
Indonesia,Tomato (1kg),1.09 $,0.51-1.92
Indonesia,Potato (1kg),1.26 $,0.64-2.18
Indonesia,Onion (1kg),2.03 $,0.96-3.51
Indonesia,Lettuce (1 head),0.85 $,0.32-1.60
Indonesia,Water (1.5 liter bottle),0.43 $,0.32-0.77
Indonesia,Bottle of Wine (Mid-Range),19.17 $,7.67-31.95
Indonesia,Domestic Beer (0.5 liter bottle),2.11 $,1.28-3.39
Indonesia,Imported Beer (0.33 liter bottle),3.12 $,1.92-4.79
Indonesia,Cigarettes 20 Pack (Marlboro),2.24 $,1.92-2.62
Indonesia,Transportation,Edit,
Indonesia,One-way Ticket (Local Transport),0.32 $,0.22-0.64
Indonesia,Monthly Pass (Regular Price),9.59 $,6.39-19.17
Indonesia,Taxi Start (Normal Tariff),0.54 $,0.45-1.28
Indonesia,Taxi 1km (Normal Tariff),0.33 $,0.26-0.64
Indonesia,Taxi 1hour Waiting (Normal Tariff),3.13 $,1.60-6.39
Indonesia,Gasoline (1 liter),0.82 $,0.64-0.91
Indonesia,Volkswagen Golf 1.4 90 KW Trendline (Or Equivalent New Car),"25,562.13 $","22,814.20-36,745.56"
Indonesia,Toyota Corolla Sedan 1.6l 97kW Comfort (Or Equivalent New Car),"27,868.67 $","22,366.86-32,847.33"
Indonesia,Utilities (Monthly),Edit,
Indonesia,"Basic (Electricity, Heating, Cooling, Water, Garbage) for 85m2 Apartment",62.42 $,31.95-127.81
Indonesia,Mobile Phone Monthly Plan with Calls and 10GB+ Data,3.22 $,2.04-7.99
Indonesia,"Internet (60 Mbps or More, Unlimited Data, Cable/ADSL)",27.82 $,19.17-50.49
Indonesia,Sports And Leisure,Edit,
Indonesia,"Fitness Club, Monthly Fee for 1 Adult",26.29 $,12.78-63.91
Indonesia,Tennis Court Rent (1 Hour on Weekend),8.91 $,3.20-15.98
Indonesia,"Cinema, International Release, 1 Seat",3.20 $,2.56-4.79
Indonesia,Childcare,Edit,
Indonesia,"Preschool (or Kindergarten), Full Day, Private, Monthly for 1 Child",102.72 $,38.34-191.72
Indonesia,"International Primary School, Yearly for 1 Child","6,404.64 $","2,300.59-15,976.33"
Indonesia,Clothing And Shoes,Edit,
Indonesia,1 Pair of Jeans (Levis 501 Or Similar),38.04 $,12.78-79.88
Indonesia,"1 Summer Dress in a Chain Store (Zara, H&M, ...)",27.60 $,12.78-44.73
Indonesia,1 Pair of Nike Running Shoes (Mid-Range),71.67 $,38.34-115.03
Indonesia,1 Pair of Men Leather Business Shoes,63.86 $,28.76-127.81
Indonesia,Rent Per Month,Edit,
Indonesia,Apartment (1 bedroom) in City Centre,301.68 $,127.81-639.05
Indonesia,Apartment (1 bedroom) Outside of Centre,180.18 $,76.69-447.34
Indonesia,Apartment (3 bedrooms) in City Centre,772.10 $,"319.53-1,917.16"
Indonesia,Apartment (3 bedrooms) Outside of Centre,427.72 $,"191.72-1,150.30"
Indonesia,Buy Apartment Price,Edit,
Indonesia,Price per Square Meter to Buy Apartment in City Centre,"1,596.84 $","881.89-3,195.27"
Indonesia,Price per Square Meter to Buy Apartment Outside of Centre,834.85 $,"415.38-1,789.35"
Indonesia,Salaries And Financing,Edit,
Indonesia,Average Monthly Net Salary (After Tax),324.74 $,
Indonesia,"Mortgage Interest Rate in Percentages (%), Yearly, for 20 Years Fixed-Rate",9.30,5.00-12.50
Philippines,Restaurants,Edit,Range
Philippines,"Meal, Inexpensive Restaurant",3.53 $,1.60-7.94
Philippines,"Meal for 2 People, Mid-range Restaurant, Three-course",21.17 $,12.35-52.92
Philippines,McMeal at McDonalds (or Equivalent Combo Meal),3.18 $,2.65-4.04
Philippines,Domestic Beer (0.5 liter draught),1.23 $,0.88-2.65
Philippines,Imported Beer (0.33 liter bottle),2.12 $,1.41-4.06
Philippines,Cappuccino (regular),2.38 $,0.88-4.41
Philippines,Coke/Pepsi (0.33 liter bottle),0.71 $,0.39-1.59
Philippines,Water (0.33 liter bottle),0.39 $,0.26-0.88
Philippines,Markets,Edit,
Philippines,"Milk (regular), (1 liter)",1.68 $,1.32-2.17
Philippines,Loaf of Fresh White Bread (500g),1.18 $,0.79-1.94
Philippines,"Rice (white), (1kg)",0.90 $,0.71-1.16
Philippines,Eggs (regular) (12),1.78 $,1.23-2.54
Philippines,Local Cheese (1kg),6.85 $,2.47-17.64
Philippines,Chicken Fillets (1kg),4.07 $,2.29-6.17
Philippines,Beef Round (1kg) (or Equivalent Back Leg Red Meat),6.57 $,4.41-10.58
Philippines,Apples (1kg),2.75 $,1.06-5.29
Philippines,Banana (1kg),1.44 $,0.88-2.65
Philippines,Oranges (1kg),2.56 $,0.88-5.29
Philippines,Tomato (1kg),1.51 $,0.53-2.65
Philippines,Potato (1kg),1.87 $,0.71-3.26
Philippines,Onion (1kg),2.36 $,1.06-4.59
Philippines,Lettuce (1 head),1.35 $,0.53-2.65
Philippines,Water (1.5 liter bottle),0.71 $,0.44-1.41
Philippines,Bottle of Wine (Mid-Range),6.79 $,3.53-13.23
Philippines,Domestic Beer (0.5 liter bottle),1.14 $,0.74-1.76
Philippines,Imported Beer (0.33 liter bottle),1.78 $,1.06-2.65
Philippines,Cigarettes 20 Pack (Marlboro),2.65 $,2.12-3.53
Philippines,Transportation,Edit,
Philippines,One-way Ticket (Local Transport),0.26 $,0.18-0.62
Philippines,Monthly Pass (Regular Price),10.29 $,5.29-21.17
Philippines,Taxi Start (Normal Tariff),0.71 $,0.71-0.97
Philippines,Taxi 1km (Normal Tariff),0.25 $,0.21-0.53
Philippines,Taxi 1hour Waiting (Normal Tariff),2.12 $,1.76-3.53
Philippines,Gasoline (1 liter),1.27 $,1.11-1.50
Philippines,Volkswagen Golf 1.4 90 KW Trendline (Or Equivalent New Car),"22,931.13 $","17,639.33-28,205.29"
Philippines,Toyota Corolla Sedan 1.6l 97kW Comfort (Or Equivalent New Car),"20,453.32 $","17,639.33-24,695.06"
Philippines,Utilities (Monthly),Edit,
Philippines,"Basic (Electricity, Heating, Cooling, Water, Garbage) for 85m2 Apartment",98.00 $,52.92-176.39
Philippines,Mobile Phone Monthly Plan with Calls and 10GB+ Data,43.82 $,17.64-44.08
Philippines,"Internet (60 Mbps or More, Unlimited Data, Cable/ADSL)",33.85 $,26.46-52.92
Philippines,Sports And Leisure,Edit,
Philippines,"Fitness Club, Monthly Fee for 1 Adult",31.80 $,8.82-52.92
Philippines,Tennis Court Rent (1 Hour on Weekend),5.17 $,2.65-8.82
Philippines,"Cinema, International Release, 1 Seat",5.29 $,3.88-7.94
Philippines,Childcare,Edit,
Philippines,"Preschool (or Kindergarten), Full Day, Private, Monthly for 1 Child",146.85 $,52.92-529.18
Philippines,"International Primary School, Yearly for 1 Child","4,908.00 $","1,763.93-14,993.43"
Philippines,Clothing And Shoes,Edit,
Philippines,1 Pair of Jeans (Levis 501 Or Similar),38.70 $,12.35-70.56
Philippines,"1 Summer Dress in a Chain Store (Zara, H&M, ...)",24.52 $,8.82-44.10
Philippines,1 Pair of Nike Running Shoes (Mid-Range),68.12 $,39.69-98.78
Philippines,1 Pair of Men Leather Business Shoes,61.03 $,26.46-114.66
Philippines,Rent Per Month,Edit,
Philippines,Apartment (1 bedroom) in City Centre,318.12 $,141.11-705.57
Philippines,Apartment (1 bedroom) Outside of Centre,172.70 $,88.20-352.79
Philippines,Apartment (3 bedrooms) in City Centre,681.81 $,"264.59-1,763.93"
Philippines,Apartment (3 bedrooms) Outside of Centre,369.90 $,176.39-970.16
Philippines,Buy Apartment Price,Edit,
Philippines,Price per Square Meter to Buy Apartment in City Centre,"2,514.19 $","881.97-4,939.01"
Philippines,Price per Square Meter to Buy Apartment Outside of Centre,"1,265.17 $","440.98-2,645.90"
Philippines,Salaries And Financing,Edit,
Philippines,Average Monthly Net Salary (After Tax),339.91 $,
Philippines,"Mortgage Interest Rate in Percentages (%), Yearly, for 20 Years Fixed-Rate",7.34,5.00-11.00
Thailand,Restaurants,Edit,Range
Thailand,"Meal, Inexpensive Restaurant",2.17 $,1.22-5.42
Thailand,"Meal for 2 People, Mid-range Restaurant, Three-course",21.67 $,13.54-50.00
Thailand,McMeal at McDonalds (or Equivalent Combo Meal),5.42 $,4.31-7.00
Thailand,Domestic Beer (0.5 liter draught),1.90 $,1.35-3.25
Thailand,Imported Beer (0.33 liter bottle),3.00 $,2.17-5.01
Thailand,Cappuccino (regular),1.80 $,0.98-3.39
Thailand,Coke/Pepsi (0.33 liter bottle),0.60 $,0.41-1.35
Thailand,Water (0.33 liter bottle),0.33 $,0.24-0.54
Thailand,Markets,Edit,
Thailand,"Milk (regular), (1 liter)",1.57 $,1.16-2.57
Thailand,Loaf of Fresh White Bread (500g),1.27 $,0.81-3.25
Thailand,"Rice (white), (1kg)",1.14 $,0.54-2.09
Thailand,Eggs (regular) (12),1.70 $,1.14-2.44
Thailand,Local Cheese (1kg),15.83 $,8.13-32.51
Thailand,Chicken Fillets (1kg),2.46 $,1.35-4.47
Thailand,Beef Round (1kg) (or Equivalent Back Leg Red Meat),9.95 $,5.42-16.80
Thailand,Apples (1kg),2.52 $,1.08-4.06
Thailand,Banana (1kg),1.10 $,0.54-2.44
Thailand,Oranges (1kg),1.79 $,0.81-3.25
Thailand,Tomato (1kg),1.31 $,0.54-2.17
Thailand,Potato (1kg),1.32 $,0.81-2.03
Thailand,Onion (1kg),1.06 $,0.60-1.63
Thailand,Lettuce (1 head),1.02 $,0.41-2.03
Thailand,Water (1.5 liter bottle),0.44 $,0.27-0.68
Thailand,Bottle of Wine (Mid-Range),16.25 $,9.48-23.03
Thailand,Domestic Beer (0.5 liter bottle),1.59 $,1.22-2.17
Thailand,Imported Beer (0.33 liter bottle),2.55 $,1.35-4.06
Thailand,Cigarettes 20 Pack (Marlboro),3.85 $,2.71-4.33
Thailand,Transportation,Edit,
Thailand,One-way Ticket (Local Transport),0.81 $,0.27-1.35
Thailand,Monthly Pass (Regular Price),28.66 $,16.25-54.18
Thailand,Taxi Start (Normal Tariff),0.95 $,0.95-2.09
Thailand,Taxi 1km (Normal Tariff),1.05 $,0.60-1.35
Thailand,Taxi 1hour Waiting (Normal Tariff),4.66 $,2.71-6.77
Thailand,Gasoline (1 liter),1.13 $,0.95-1.29
Thailand,Volkswagen Golf 1.4 90 KW Trendline (Or Equivalent New Car),"26,818.94 $","18,962.89-54,179.69"
Thailand,Toyota Corolla Sedan 1.6l 97kW Comfort (Or Equivalent New Car),"23,858.50 $","21,671.87-25,735.35"
Thailand,Utilities (Monthly),Edit,
Thailand,"Basic (Electricity, Heating, Cooling, Water, Garbage) for 85m2 Apartment",66.68 $,40.63-132.40
Thailand,Mobile Phone Monthly Plan with Calls and 10GB+ Data,14.07 $,7.86-16.25
Thailand,"Internet (60 Mbps or More, Unlimited Data, Cable/ADSL)",15.65 $,10.81-21.67
Thailand,Sports And Leisure,Edit,
Thailand,"Fitness Club, Monthly Fee for 1 Adult",43.21 $,24.38-81.27
Thailand,Tennis Court Rent (1 Hour on Weekend),9.05 $,4.06-13.54
Thailand,"Cinema, International Release, 1 Seat",5.96 $,4.06-9.48
Thailand,Childcare,Edit,
Thailand,"Preschool (or Kindergarten), Full Day, Private, Monthly for 1 Child",377.83 $,189.63-948.14
Thailand,"International Primary School, Yearly for 1 Child","10,763.98 $","6,772.46-19,477.60"
Thailand,Clothing And Shoes,Edit,
Thailand,1 Pair of Jeans (Levis 501 Or Similar),40.23 $,13.54-81.27
Thailand,"1 Summer Dress in a Chain Store (Zara, H&M, ...)",31.79 $,13.54-67.72
Thailand,1 Pair of Nike Running Shoes (Mid-Range),82.15 $,40.63-127.32
Thailand,1 Pair of Men Leather Business Shoes,69.53 $,32.51-121.90
Thailand,Rent Per Month,Edit,
Thailand,Apartment (1 bedroom) in City Centre,382.71 $,189.63-812.70
Thailand,Apartment (1 bedroom) Outside of Centre,229.43 $,108.36-440.21
Thailand,Apartment (3 bedrooms) in City Centre,"1,007.85 $","474.07-2,031.74"
Thailand,Apartment (3 bedrooms) Outside of Centre,598.84 $,"270.90-1,369.54"
Thailand,Buy Apartment Price,Edit,
Thailand,Price per Square Meter to Buy Apartment in City Centre,"3,655.70 $","1,435.76-7,585.16"
Thailand,Price per Square Meter to Buy Apartment Outside of Centre,"1,901.38 $","948.14-2,708.98"
Thailand,Salaries And Financing,Edit,
Thailand,Average Monthly Net Salary (After Tax),532.21 $,
Thailand,"Mortgage Interest Rate in Percentages (%), Yearly, for 20 Years Fixed-Rate",5.34,3.00-8.00
Vietnam,Restaurants,Edit,Range
Vietnam,"Meal, Inexpensive Restaurant",2.05 $,1.23-4.10
Vietnam,"Meal for 2 People, Mid-range Restaurant, Three-course",20.50 $,12.30-49.21
Vietnam,McMeal at McDonalds (or Equivalent Combo Meal),4.80 $,3.69-6.15
Vietnam,Domestic Beer (0.5 liter draught),1.03 $,0.62-2.05
Vietnam,Imported Beer (0.33 liter bottle),1.64 $,1.03-3.08
Vietnam,Cappuccino (regular),1.80 $,0.82-3.08
Vietnam,Coke/Pepsi (0.33 liter bottle),0.52 $,0.41-1.00
Vietnam,Water (0.33 liter bottle),0.33 $,0.21-0.62
Vietnam,Markets,Edit,
Vietnam,"Milk (regular), (1 liter)",1.49 $,1.19-1.85
Vietnam,Loaf of Fresh White Bread (500g),1.05 $,0.41-2.05
Vietnam,"Rice (white), (1kg)",0.96 $,0.62-1.39
Vietnam,Eggs (regular) (12),1.62 $,0.98-2.21
Vietnam,Local Cheese (1kg),12.00 $,6.11-24.61
Vietnam,Chicken Fillets (1kg),3.81 $,2.05-5.54
Vietnam,Beef Round (1kg) (or Equivalent Back Leg Red Meat),10.65 $,6.15-14.35
Vietnam,Apples (1kg),3.30 $,1.23-5.33
Vietnam,Banana (1kg),1.11 $,0.62-2.05
Vietnam,Oranges (1kg),1.51 $,0.62-3.28
Vietnam,Tomato (1kg),1.12 $,0.49-1.85
Vietnam,Potato (1kg),1.28 $,0.62-1.85
Vietnam,Onion (1kg),1.27 $,0.82-2.46
Vietnam,Lettuce (1 head),0.86 $,0.41-1.64
Vietnam,Water (1.5 liter bottle),0.52 $,0.41-0.82
Vietnam,Bottle of Wine (Mid-Range),9.81 $,4.10-16.40
Vietnam,Domestic Beer (0.5 liter bottle),0.86 $,0.53-1.24
Vietnam,Imported Beer (0.33 liter bottle),1.42 $,0.74-2.46
Vietnam,Cigarettes 20 Pack (Marlboro),1.25 $,1.03-2.05
Vietnam,Transportation,Edit,
Vietnam,One-way Ticket (Local Transport),0.29 $,0.25-0.41
Vietnam,Monthly Pass (Regular Price),8.20 $,5.13-14.35
Vietnam,Taxi Start (Normal Tariff),0.62 $,0.41-0.82
Vietnam,Taxi 1km (Normal Tariff),0.62 $,0.49-0.82
Vietnam,Taxi 1hour Waiting (Normal Tariff),4.10 $,1.44-12.30
Vietnam,Gasoline (1 liter),1.06 $,0.86-1.25
Vietnam,Volkswagen Golf 1.4 90 KW Trendline (Or Equivalent New Car),"41,009.96 $","28,706.97-48,350.74"
Vietnam,Toyota Corolla Sedan 1.6l 97kW Comfort (Or Equivalent New Car),"35,354.00 $","32,397.87-41,009.96"
Vietnam,Utilities (Monthly),Edit,
Vietnam,"Basic (Electricity, Heating, Cooling, Water, Garbage) for 85m2 Apartment",64.73 $,41.01-123.03
Vietnam,Mobile Phone Monthly Plan with Calls and 10GB+ Data,5.91 $,4.10-8.20
Vietnam,"Internet (60 Mbps or More, Unlimited Data, Cable/ADSL)",10.17 $,7.50-16.40
Vietnam,Sports And Leisure,Edit,
Vietnam,"Fitness Club, Monthly Fee for 1 Adult",25.21 $,12.30-61.51
Vietnam,Tennis Court Rent (1 Hour on Weekend),8.88 $,4.10-16.40
Vietnam,"Cinema, International Release, 1 Seat",4.10 $,3.28-6.15
Vietnam,Childcare,Edit,
Vietnam,"Preschool (or Kindergarten), Full Day, Private, Monthly for 1 Child",244.97 $,98.42-410.10
Vietnam,"International Primary School, Yearly for 1 Child","13,777.31 $","8,201.99-21,776.29"
Vietnam,Clothing And Shoes,Edit,
Vietnam,1 Pair of Jeans (Levis 501 Or Similar),37.02 $,16.40-82.02
Vietnam,"1 Summer Dress in a Chain Store (Zara, H&M, ...)",30.62 $,16.40-53.31
Vietnam,1 Pair of Nike Running Shoes (Mid-Range),96.02 $,50.03-150.00
Vietnam,1 Pair of Men Leather Business Shoes,94.14 $,41.01-204.64
Vietnam,Rent Per Month,Edit,
Vietnam,Apartment (1 bedroom) in City Centre,355.10 $,205.05-615.15
Vietnam,Apartment (1 bedroom) Outside of Centre,227.74 $,164.04-410.10
Vietnam,Apartment (3 bedrooms) in City Centre,834.98 $,"492.12-1,640.40"
Vietnam,Apartment (3 bedrooms) Outside of Centre,496.62 $,"307.57-1,025.25"
Vietnam,Buy Apartment Price,Edit,
Vietnam,Price per Square Meter to Buy Apartment in City Centre,"2,782.65 $","1,640.40-5,659.37"
Vietnam,Price per Square Meter to Buy Apartment Outside of Centre,"1,473.17 $","902.22-2,460.60"
Vietnam,Salaries And Financing,Edit,
Vietnam,Average Monthly Net Salary (After Tax),441.15 $,
Vietnam,"Mortgage Interest Rate in Percentages (%), Yearly, for 20 Years Fixed-Rate",10.43,6.65-14.00
Myanmar,Restaurants,Edit,Range
Myanmar,"Meal, Inexpensive Restaurant",2.00 $,1.50-5.00
Myanmar,"Meal for 2 People, Mid-range Restaurant, Three-course",16.23 $,13.00-40.00
Myanmar,McMeal at McDonalds (or Equivalent Combo Meal),5.41 $,3.57-7.00
Myanmar,Domestic Beer (0.5 liter draught),1.39 $,0.72-2.22
Myanmar,Imported Beer (0.33 liter bottle),2.00 $,1.50-3.00
Myanmar,Cappuccino (regular),2.03 $,1.00-3.87
Myanmar,Coke/Pepsi (0.33 liter bottle),0.60 $,0.40-1.00
Myanmar,Water (0.33 liter bottle),0.34 $,0.28-0.50
Myanmar,Markets,Edit,
Myanmar,"Milk (regular), (1 liter)",1.79 $,1.00-2.50
Myanmar,Loaf of Fresh White Bread (500g),1.09 $,1.00-2.71
Myanmar,"Rice (white), (1kg)",1.23 $,0.77-1.62
Myanmar,Eggs (regular) (12),1.44 $,1.20-2.40
Myanmar,Local Cheese (1kg),12.16 $,2.00-20.00
Myanmar,Chicken Fillets (1kg),5.04 $,3.00-10.82
Myanmar,Beef Round (1kg) (or Equivalent Back Leg Red Meat),7.54 $,5.00-21.64
Myanmar,Apples (1kg),2.10 $,1.40-4.50
Myanmar,Banana (1kg),0.88 $,0.55-2.00
Myanmar,Oranges (1kg),2.50 $,1.00-4.50
Myanmar,Tomato (1kg),1.12 $,0.88-3.00
Myanmar,Potato (1kg),1.02 $,0.60-3.00
Myanmar,Onion (1kg),1.02 $,0.80-2.00
Myanmar,Lettuce (1 head),1.38 $,0.44-2.00
Myanmar,Water (1.5 liter bottle),0.50 $,0.28-1.00
Myanmar,Bottle of Wine (Mid-Range),10.00 $,6.00-17.00
Myanmar,Domestic Beer (0.5 liter bottle),1.09 $,0.77-1.32
Myanmar,Imported Beer (0.33 liter bottle),1.71 $,0.80-2.35
Myanmar,Cigarettes 20 Pack (Marlboro),1.50 $,1.20-2.89
Myanmar,Transportation,Edit,
Myanmar,One-way Ticket (Local Transport),0.15 $,0.14-0.20
Myanmar,Monthly Pass (Regular Price),10.00 $,7.23-10.82
Myanmar,Taxi Start (Normal Tariff),1.36 $,0.71-2.00
Myanmar,Taxi 1km (Normal Tariff),1.00 $,0.87-1.00
Myanmar,Taxi 1hour Waiting (Normal Tariff),4.00 $,4.00-7.22
Myanmar,Gasoline (1 liter),0.74 $,0.66-0.80
Myanmar,Volkswagen Golf 1.4 90 KW Trendline (Or Equivalent New Car),"35,000.00 $",
Myanmar,Toyota Corolla Sedan 1.6l 97kW Comfort (Or Equivalent New Car),"32,790.00 $","38,000.00-39,700.00"
Myanmar,Utilities (Monthly),Edit,
Myanmar,"Basic (Electricity, Heating, Cooling, Water, Garbage) for 85m2 Apartment",31.54 $,15.00-60.00
Myanmar,Mobile Phone Monthly Plan with Calls and 10GB+ Data,12.10 $,5.00-12.87
Myanmar,"Internet (60 Mbps or More, Unlimited Data, Cable/ADSL)",58.40 $,36.08-150.00
Myanmar,Sports And Leisure,Edit,
Myanmar,"Fitness Club, Monthly Fee for 1 Adult",33.53 $,18.00-70.00
Myanmar,Tennis Court Rent (1 Hour on Weekend),9.48 $,3.50-15.00
Myanmar,"Cinema, International Release, 1 Seat",4.50 $,3.44-5.00
Myanmar,Childcare,Edit,
Myanmar,"Preschool (or Kindergarten), Full Day, Private, Monthly for 1 Child",607.50 $,"180.00-1,000.00"
Myanmar,"International Primary School, Yearly for 1 Child","10,280.00 $","2,400.00-25,000.00"
Myanmar,Clothing And Shoes,Edit,
Myanmar,1 Pair of Jeans (Levis 501 Or Similar),42.03 $,21.00-65.00
Myanmar,"1 Summer Dress in a Chain Store (Zara, H&M, ...)",50.14 $,17.00-95.00
Myanmar,1 Pair of Nike Running Shoes (Mid-Range),85.62 $,57.72-170.00
Myanmar,1 Pair of Men Leather Business Shoes,84.90 $,45.00-100.00
Myanmar,Rent Per Month,Edit,
Myanmar,Apartment (1 bedroom) in City Centre,563.50 $,"400.00-1,500.00"
Myanmar,Apartment (1 bedroom) Outside of Centre,265.83 $,210.00-300.00
Myanmar,Apartment (3 bedrooms) in City Centre,"1,144.44 $","900.00-2,500.00"
Myanmar,Apartment (3 bedrooms) Outside of Centre,981.25 $,"600.00-2,000.00"
Myanmar,Buy Apartment Price,Edit,
Myanmar,Price per Square Meter to Buy Apartment in City Centre,"1,020.07 $","288.62-2,152.00"
Myanmar,Price per Square Meter to Buy Apartment Outside of Centre,171.37 $,79.48-500.00
Myanmar,Salaries And Financing,Edit,
Myanmar,Average Monthly Net Salary (After Tax),309.15 $,
Myanmar,"Mortgage Interest Rate in Percentages (%), Yearly, for 20 Years Fixed-Rate",11.60,9.50-13.00
Cambodia,Restaurants,Edit,Range
Cambodia,"Meal, Inexpensive Restaurant",3.60 $,2.00-8.00
Cambodia,"Meal for 2 People, Mid-range Restaurant, Three-course",30.00 $,18.00-86.00
Cambodia,McMeal at McDonalds (or Equivalent Combo Meal),6.50 $,6.00-7.50
Cambodia,Domestic Beer (0.5 liter draught),1.00 $,0.60-2.00
Cambodia,Imported Beer (0.33 liter bottle),2.50 $,1.50-4.00
Cambodia,Cappuccino (regular),2.73 $,1.00-5.00
Cambodia,Coke/Pepsi (0.33 liter bottle),0.94 $,0.50-2.00
Cambodia,Water (0.33 liter bottle),0.59 $,0.25-1.31
Cambodia,Markets,Edit,
Cambodia,"Milk (regular), (1 liter)",2.08 $,1.50-2.50
Cambodia,Loaf of Fresh White Bread (500g),1.67 $,1.00-3.00
Cambodia,"Rice (white), (1kg)",0.89 $,0.50-2.50
Cambodia,Eggs (regular) (12),1.83 $,1.44-2.40
Cambodia,Local Cheese (1kg),12.91 $,5.90-15.00
Cambodia,Chicken Fillets (1kg),4.29 $,2.50-7.00
Cambodia,Beef Round (1kg) (or Equivalent Back Leg Red Meat),9.70 $,7.00-12.00
Cambodia,Apples (1kg),3.51 $,2.00-5.00
Cambodia,Banana (1kg),1.39 $,0.75-3.00
Cambodia,Oranges (1kg),3.35 $,2.00-5.51
Cambodia,Tomato (1kg),1.39 $,1.00-2.00
Cambodia,Potato (1kg),1.26 $,1.00-2.00
Cambodia,Onion (1kg),1.19 $,1.00-2.00
Cambodia,Lettuce (1 head),1.58 $,0.50-2.80
Cambodia,Water (1.5 liter bottle),0.69 $,0.50-2.00
Cambodia,Bottle of Wine (Mid-Range),11.00 $,7.00-20.00
Cambodia,Domestic Beer (0.5 liter bottle),0.89 $,0.50-1.25
Cambodia,Imported Beer (0.33 liter bottle),1.71 $,1.00-2.50
Cambodia,Cigarettes 20 Pack (Marlboro),1.60 $,1.20-2.00
Cambodia,Transportation,Edit,
Cambodia,One-way Ticket (Local Transport),1.00 $,0.50-3.00
Cambodia,Monthly Pass (Regular Price),10.60 $,9.20-12.00
Cambodia,Taxi Start (Normal Tariff),1.00 $,0.74-1.00
Cambodia,Taxi 1km (Normal Tariff),1.00 $,0.75-1.00
Cambodia,Taxi 1hour Waiting (Normal Tariff),4.25 $,1.00-8.00
Cambodia,Gasoline (1 liter),1.18 $,1.00-1.30
Cambodia,Volkswagen Golf 1.4 90 KW Trendline (Or Equivalent New Car),"46,500.00 $","45,000.00-48,000.00"
Cambodia,Toyota Corolla Sedan 1.6l 97kW Comfort (Or Equivalent New Car),"45,750.00 $","37,000.00-40,000.00"
Cambodia,Utilities (Monthly),Edit,
Cambodia,"Basic (Electricity, Heating, Cooling, Water, Garbage) for 85m2 Apartment",93.38 $,50.00-180.00
Cambodia,Mobile Phone Monthly Plan with Calls and 10GB+ Data,6.00 $,5.00-7.00
Cambodia,"Internet (60 Mbps or More, Unlimited Data, Cable/ADSL)",26.76 $,18.00-60.00
Cambodia,Sports And Leisure,Edit,
Cambodia,"Fitness Club, Monthly Fee for 1 Adult",45.47 $,15.00-100.00
Cambodia,Tennis Court Rent (1 Hour on Weekend),11.86 $,5.00-15.00
Cambodia,"Cinema, International Release, 1 Seat",4.75 $,3.50-10.00
Cambodia,Childcare,Edit,
Cambodia,"Preschool (or Kindergarten), Full Day, Private, Monthly for 1 Child",298.47 $,150.00-450.00
Cambodia,"International Primary School, Yearly for 1 Child","8,580.77 $","3,000.00-20,000.00"
Cambodia,Clothing And Shoes,Edit,
Cambodia,1 Pair of Jeans (Levis 501 Or Similar),22.60 $,10.00-30.00
Cambodia,"1 Summer Dress in a Chain Store (Zara, H&M, ...)",20.67 $,10.00-35.00
Cambodia,1 Pair of Nike Running Shoes (Mid-Range),83.00 $,30.00-100.00
Cambodia,1 Pair of Men Leather Business Shoes,47.40 $,20.00-100.00
Cambodia,Rent Per Month,Edit,
Cambodia,Apartment (1 bedroom) in City Centre,408.85 $,220.00-750.00
Cambodia,Apartment (1 bedroom) Outside of Centre,225.09 $,146.79-450.00
Cambodia,Apartment (3 bedrooms) in City Centre,980.95 $,"550.00-2,000.00"
Cambodia,Apartment (3 bedrooms) Outside of Centre,502.78 $,"300.00-1,300.00"
Cambodia,Buy Apartment Price,Edit,
Cambodia,Price per Square Meter to Buy Apartment in City Centre,"2,035.11 $","1,000.00-3,200.00"
Cambodia,Price per Square Meter to Buy Apartment Outside of Centre,"1,407.86 $","900.00-2,190.00"
Cambodia,Salaries And Financing,Edit,
Cambodia,Average Monthly Net Salary (After Tax),293.50 $,
Cambodia,"Mortgage Interest Rate in Percentages (%), Yearly, for 20 Years Fixed-Rate",10.11,7.00-18.00
Laos,Restaurants,Edit,Range
Laos,"Meal, Inexpensive Restaurant",1.99 $,1.70-3.21
Laos,"Meal for 2 People, Mid-range Restaurant, Three-course",20.00 $,10.59-50.00
Laos,McMeal at McDonalds (or Equivalent Combo Meal),5.00 $,5.00-5.00
Laos,Domestic Beer (0.5 liter draught),1.18 $,1.00-1.75
Laos,Imported Beer (0.33 liter bottle),2.47 $,1.99-4.00
Laos,Cappuccino (regular),1.99 $,1.16-3.90
Laos,Coke/Pepsi (0.33 liter bottle),1.00 $,0.60-1.30
Laos,Water (0.33 liter bottle),0.52 $,0.50-0.74
Laos,Markets,Edit,
Laos,"Milk (regular), (1 liter)",1.77 $,1.50-2.32
Laos,Loaf of Fresh White Bread (500g),1.60 $,0.80-2.20
Laos,"Rice (white), (1kg)",1.45 $,1.00-2.20
Laos,Eggs (regular) (12),2.25 $,1.16-3.60
Laos,Local Cheese (1kg),21.32 $,17.64-25.00
Laos,Chicken Fillets (1kg),5.88 $,2.65-10.00
Laos,Beef Round (1kg) (or Equivalent Back Leg Red Meat),4.70 $,4.41-5.00
Laos,Apples (1kg),2.31 $,2.00-2.61
Laos,Banana (1kg),1.30 $,0.70-2.20
Laos,Oranges (1kg),1.85 $,1.50-2.20
Laos,Tomato (1kg),4.41 $,
Laos,Potato (1kg),1.24 $,1.00-1.48
Laos,Onion (1kg),1.00 $,0.99-1.00
Laos,Lettuce (1 head),2.00 $,
Laos,Water (1.5 liter bottle),0.41 $,0.29-0.50
Laos,Bottle of Wine (Mid-Range),15.00 $,10.00-30.00
Laos,Domestic Beer (0.5 liter bottle),1.03 $,0.76-1.20
Laos,Imported Beer (0.33 liter bottle),2.22 $,1.00-2.50
Laos,Cigarettes 20 Pack (Marlboro),2.00 $,1.60-2.00
Laos,Transportation,Edit,
Laos,One-way Ticket (Local Transport),0.60 $,
Laos,Monthly Pass (Regular Price),70.00 $,
Laos,Taxi Start (Normal Tariff),2.00 $,1.41-2.00
Laos,Taxi 1km (Normal Tariff),1.58 $,1.16-2.00
Laos,Taxi 1hour Waiting (Normal Tariff),5.00 $,
Laos,Gasoline (1 liter),1.75 $,1.50-2.00
Laos,Volkswagen Golf 1.4 90 KW Trendline (Or Equivalent New Car),"27,000.00 $",
Laos,Toyota Corolla Sedan 1.6l 97kW Comfort (Or Equivalent New Car),"35,000.00 $",
Laos,Utilities (Monthly),Edit,
Laos,"Basic (Electricity, Heating, Cooling, Water, Garbage) for 85m2 Apartment",106.25 $,85.00-127.50
Laos,Mobile Phone Monthly Plan with Calls and 10GB+ Data,40.19 $,
Laos,"Internet (60 Mbps or More, Unlimited Data, Cable/ADSL)",?,
Laos,Sports And Leisure,Edit,
Laos,"Fitness Club, Monthly Fee for 1 Adult",28.33 $,10.00-50.00
Laos,Tennis Court Rent (1 Hour on Weekend),7.34 $,5.00-9.68
Laos,"Cinema, International Release, 1 Seat",2.99 $,2.50-7.00
Laos,Childcare,Edit,
Laos,"Preschool (or Kindergarten), Full Day, Private, Monthly for 1 Child",95.00 $,90.00-100.00
Laos,"International Primary School, Yearly for 1 Child","5,000.00 $",
Laos,Clothing And Shoes,Edit,
Laos,1 Pair of Jeans (Levis 501 Or Similar),110.73 $,55.00-166.45
Laos,"1 Summer Dress in a Chain Store (Zara, H&M, ...)",63.79 $,60.99-66.58
Laos,1 Pair of Nike Running Shoes (Mid-Range),83.45 $,50.00-100.48
Laos,1 Pair of Men Leather Business Shoes,44.31 $,25.00-58.00
Laos,Rent Per Month,Edit,
Laos,Apartment (1 bedroom) in City Centre,518.75 $,450.00-625.00
Laos,Apartment (1 bedroom) Outside of Centre,400.00 $,350.00-500.00
Laos,Apartment (3 bedrooms) in City Centre,766.67 $,500.00-900.00
Laos,Apartment (3 bedrooms) Outside of Centre,550.00 $,250.00-900.00
Laos,Buy Apartment Price,Edit,
Laos,Price per Square Meter to Buy Apartment in City Centre,"3,500.00 $",
Laos,Price per Square Meter to Buy Apartment Outside of Centre,84.97 $,54.92-100.00
Laos,Salaries And Financing,Edit,
Laos,Average Monthly Net Salary (After Tax),560.00 $,
Laos,"Mortgage Interest Rate in Percentages (%), Yearly, for 20 Years Fixed-Rate",10.25,
Brunei,Restaurants,Edit,Range
Brunei,"Meal, Inexpensive Restaurant",4.65 $,2.20-8.80
Brunei,"Meal for 2 People, Mid-range Restaurant, Three-course",36.67 $,18.33-58.53
Brunei,McMeal at McDonalds (or Equivalent Combo Meal),5.78 $,5.12-6.97
Brunei,Domestic Non-Alcoholic Beer (0.5 liter draught),1.83 $,1.47-3.67
Brunei,Imported Non-Alcoholic Beer (0.33 liter bottle),2.20 $,1.83-2.93
Brunei,Cappuccino (regular),3.68 $,1.83-4.77
Brunei,Coke/Pepsi (0.33 liter bottle),0.93 $,0.73-1.83
Brunei,Water (0.33 liter bottle),0.75 $,0.37-1.83
Brunei,Markets,Edit,
Brunei,"Milk (regular), (1 liter)",2.00 $,1.32-3.66
Brunei,Loaf of Fresh White Bread (500g),1.82 $,0.88-3.67
Brunei,"Rice (white), (1kg)",1.80 $,0.73-3.51
Brunei,Eggs (regular) (12),2.38 $,1.39-3.29
Brunei,Local Cheese (1kg),13.10 $,5.87-32.34
Brunei,Chicken Fillets (1kg),7.36 $,3.66-11.00
Brunei,Beef Round (1kg) (or Equivalent Back Leg Red Meat),19.44 $,8.05-29.33
Brunei,Apples (1kg),3.76 $,2.57-6.15
Brunei,Banana (1kg),2.82 $,1.47-7.32
Brunei,Oranges (1kg),3.66 $,1.47-7.32
Brunei,Tomato (1kg),3.89 $,1.47-6.07
Brunei,Potato (1kg),2.17 $,0.66-3.66
Brunei,Onion (1kg),2.32 $,0.73-3.66
Brunei,Lettuce (1 head),4.12 $,1.46-7.90
Brunei,Water (1.5 liter bottle),1.02 $,0.40-1.47
Brunei,Bottle of Non-Alcoholic Wine (Mid-Range),11.00 $,2.20-25.67
Brunei,Domestic Non-Alcoholic Beer (0.5 liter bottle),3.91 $,0.73-7.33
Brunei,Imported Non-Alcoholic Beer (0.33 liter bottle),1.25 $,1.03-1.47
Brunei,Cigarettes 20 Pack (Marlboro),9.17 $,7.33-11.00
Brunei,Transportation,Edit,
Brunei,One-way Ticket (Local Transport),1.10 $,0.73-2.20
Brunei,Monthly Pass (Regular Price),22.00 $,22.00-22.00
Brunei,Taxi Start (Normal Tariff),4.39 $,2.93-5.13
Brunei,Taxi 1km (Normal Tariff),2.57 $,2.57-3.66
Brunei,Taxi 1hour Waiting (Normal Tariff),22.00 $,
Brunei,Gasoline (1 liter),0.38 $,0.27-0.41
Brunei,Volkswagen Golf 1.4 90 KW Trendline (Or Equivalent New Car),"24,934.00 $","22,000.59-36,667.64"
Brunei,Toyota Corolla Sedan 1.6l 97kW Comfort (Or Equivalent New Car),"26,968.54 $","25,606.36-29,334.12"
Brunei,Utilities (Monthly),Edit,
Brunei,"Basic (Electricity, Heating, Cooling, Water, Garbage) for 85m2 Apartment",47.50 $,33.00-80.67
Brunei,Mobile Phone Monthly Plan with Calls and 10GB+ Data,21.95 $,14.67-21.95
Brunei,"Internet (60 Mbps or More, Unlimited Data, Cable/ADSL)",84.15 $,47.67-174.85
Brunei,Sports And Leisure,Edit,
Brunei,"Fitness Club, Monthly Fee for 1 Adult",50.30 $,25.67-88.00
Brunei,Tennis Court Rent (1 Hour on Weekend),9.35 $,0.00-18.33
Brunei,"Cinema, International Release, 1 Seat",4.40 $,3.67-5.85
Brunei,Childcare,Edit,
Brunei,"Preschool (or Kindergarten), Full Day, Private, Monthly for 1 Child",220.95 $,117.34-365.81
Brunei,"International Primary School, Yearly for 1 Child","11,220.59 $","7,040.19-17,600.47"
Brunei,Clothing And Shoes,Edit,
Brunei,1 Pair of Jeans (Levis 501 Or Similar),63.17 $,14.67-131.69
Brunei,"1 Summer Dress in a Chain Store (Zara, H&M, ...)",51.15 $,25.67-109.74
Brunei,1 Pair of Nike Running Shoes (Mid-Range),91.37 $,65.84-183.34
Brunei,1 Pair of Men Leather Business Shoes,79.75 $,36.67-182.90
Brunei,Rent Per Month,Edit,
Brunei,Apartment (1 bedroom) in City Centre,439.58 $,293.34-733.35
Brunei,Apartment (1 bedroom) Outside of Centre,386.58 $,227.34-660.02
Brunei,Apartment (3 bedrooms) in City Centre,"1,245.54 $","880.02-1,829.03"
Brunei,Apartment (3 bedrooms) Outside of Centre,842.22 $,"586.68-1,173.36"
Brunei,Buy Apartment Price,Edit,
Brunei,Price per Square Meter to Buy Apartment in City Centre,"1,578.75 $",
Brunei,Price per Square Meter to Buy Apartment Outside of Centre,"4,237.51 $",
Brunei,Salaries And Financing,Edit,
Brunei,Average Monthly Net Salary (After Tax),"1,699.24 $",
Brunei,"Mortgage Interest Rate in Percentages (%), Yearly, for 20 Years Fixed-Rate",3.75,3.00-4.80
Timor-Leste,Restaurants,Edit,Range
Timor-Leste,"Meal, Inexpensive Restaurant",5.00 $,5.00-10.00
Timor-Leste,"Meal for 2 People, Mid-range Restaurant, Three-course",50.00 $,40.00-60.00
Timor-Leste,McMeal at McDonalds (or Equivalent Combo Meal),7.75 $,7.50-8.00
Timor-Leste,Domestic Beer (0.5 liter draught),2.75 $,2.00-5.00
Timor-Leste,Imported Beer (0.33 liter bottle),4.00 $,3.00-5.00
Timor-Leste,Cappuccino (regular),3.67 $,1.75-5.00
Timor-Leste,Coke/Pepsi (0.33 liter bottle),2.00 $,2.00-2.00
Timor-Leste,Water (0.33 liter bottle),1.56 $,0.75-2.00
Timor-Leste,Markets,Edit,
Timor-Leste,"Milk (regular), (1 liter)",1.92 $,1.75-2.35
Timor-Leste,Loaf of Fresh White Bread (500g),1.98 $,1.00-3.00
Timor-Leste,"Rice (white), (1kg)",2.19 $,1.50-6.00
Timor-Leste,Eggs (regular) (12),2.55 $,1.80-3.00
Timor-Leste,Local Cheese (1kg),6.00 $,
Timor-Leste,Chicken Fillets (1kg),8.50 $,6.00-15.00
Timor-Leste,Beef Round (1kg) (or Equivalent Back Leg Red Meat),13.80 $,8.00-25.00
Timor-Leste,Apples (1kg),5.00 $,3.00-7.00
Timor-Leste,Banana (1kg),1.75 $,1.00-3.00
Timor-Leste,Oranges (1kg),3.38 $,2.00-5.00
Timor-Leste,Tomato (1kg),2.50 $,1.00-3.00
Timor-Leste,Potato (1kg),1.00 $,1.00-1.00
Timor-Leste,Onion (1kg),2.12 $,1.00-3.00
Timor-Leste,Lettuce (1 head),1.00 $,0.50-1.50
Timor-Leste,Water (1.5 liter bottle),0.53 $,0.50-0.60
Timor-Leste,Bottle of Wine (Mid-Range),13.50 $,10.00-25.00
Timor-Leste,Domestic Beer (0.5 liter bottle),1.93 $,1.25-2.00
Timor-Leste,Imported Beer (0.33 liter bottle),2.56 $,2.00-5.00
Timor-Leste,Cigarettes 20 Pack (Marlboro),2.00 $,1.75-3.00
Timor-Leste,Transportation,Edit,
Timor-Leste,One-way Ticket (Local Transport),0.25 $,0.25-5.00
Timor-Leste,Monthly Pass (Regular Price),56.27 $,
Timor-Leste,Taxi Start (Normal Tariff),3.00 $,2.00-5.00
Timor-Leste,Taxi 1km (Normal Tariff),3.00 $,2.50-4.00
Timor-Leste,Taxi 1hour Waiting (Normal Tariff),12.50 $,10.00-15.00
Timor-Leste,Gasoline (1 liter),1.17 $,0.90-1.50
Timor-Leste,Volkswagen Golf 1.4 90 KW Trendline (Or Equivalent New Car),"21,573.00 $",
Timor-Leste,Toyota Corolla Sedan 1.6l 97kW Comfort (Or Equivalent New Car),"19,459.00 $",
Timor-Leste,Utilities (Monthly),Edit,
Timor-Leste,"Basic (Electricity, Heating, Cooling, Water, Garbage) for 85m2 Apartment",125.00 $,100.00-150.00
Timor-Leste,Mobile Phone Monthly Plan with Calls and 10GB+ Data,?,
Timor-Leste,"Internet (60 Mbps or More, Unlimited Data, Cable/ADSL)",82.50 $,30.00-150.00
Timor-Leste,Sports And Leisure,Edit,
Timor-Leste,"Fitness Club, Monthly Fee for 1 Adult",61.67 $,50.00-75.00
Timor-Leste,Tennis Court Rent (1 Hour on Weekend),11.25 $,5.00-10.00
Timor-Leste,"Cinema, International Release, 1 Seat",6.00 $,6.00-8.00
Timor-Leste,Childcare,Edit,
Timor-Leste,"Preschool (or Kindergarten), Full Day, Private, Monthly for 1 Child",333.33 $,250.00-400.00
Timor-Leste,"International Primary School, Yearly for 1 Child","16,666.67 $","10,000.00-24,000.00"
Timor-Leste,Clothing And Shoes,Edit,
Timor-Leste,1 Pair of Jeans (Levis 501 Or Similar),61.25 $,40.00-75.00
Timor-Leste,"1 Summer Dress in a Chain Store (Zara, H&M, ...)",40.00 $,30.00-50.00
Timor-Leste,1 Pair of Nike Running Shoes (Mid-Range),71.25 $,30.00-100.00
Timor-Leste,1 Pair of Men Leather Business Shoes,61.67 $,50.00-75.00
Timor-Leste,Rent Per Month,Edit,
Timor-Leste,Apartment (1 bedroom) in City Centre,980.00 $,"500.00-1,300.00"
Timor-Leste,Apartment (1 bedroom) Outside of Centre,875.00 $,"700.00-1,000.00"
Timor-Leste,Apartment (3 bedrooms) in City Centre,"2,150.00 $","1,800.00-3,000.00"
Timor-Leste,Apartment (3 bedrooms) Outside of Centre,"1,550.00 $","1,200.00-2,000.00"
Timor-Leste,Buy Apartment Price,Edit,
Timor-Leste,Price per Square Meter to Buy Apartment in City Centre,"4,666.67 $","4,000.00-5,000.00"
Timor-Leste,Price per Square Meter to Buy Apartment Outside of Centre,"4,000.00 $",
Timor-Leste,Salaries And Financing,Edit,
Timor-Leste,Average Monthly Net Salary (After Tax),"5,121.71 $",
Timor-Leste,"Mortgage Interest Rate in Percentages (%), Yearly, for 20 Years Fixed-Rate",5.37,
